exp_id,exp_tag,model_variant,lr,decomp_kernel,epochs,best_checkpoint,metrics_path,avg_r2,avg_mae,avg_rmse,trend_accuracy,exceed_accuracy,short_r2,medium_r2,long_r2
3,grid_03_lr3e-04_k35_e7,large,0.0003,35,7,artifacts_dlinear_notebook/models/dlinear_large_grid_03_lr3e-04_k35_e7_best.pt,artifacts_dlinear_notebook/logs/dlinear_large_grid_03_lr3e-04_k35_e7_metrics.json,0.6420195226867994,7.170729587475459,9.43445196491075,0.5331644637745737,0.9942723998366195,0.900454044342041,0.6315975189208984,0.39397531747817993
4,grid_04_lr1e-03_k15_e5,large,0.001,15,5,artifacts_dlinear_notebook/models/dlinear_large_grid_04_lr1e-03_k15_e5_best.pt,artifacts_dlinear_notebook/logs/dlinear_large_grid_04_lr1e-03_k15_e5_metrics.json,0.6415881166855494,7.396608581145604,9.444145880412592,0.5350630354868238,0.9941934944859084,0.8997102975845337,0.6319329142570496,0.3930893540382385
1,grid_01_lr3e-04_k15_e3,large,0.0003,15,3,artifacts_dlinear_notebook/models/dlinear_large_grid_01_lr3e-04_k15_e3_best.pt,artifacts_dlinear_notebook/logs/dlinear_large_grid_01_lr3e-04_k15_e3_metrics.json,0.6412930761774381,7.288644880056381,9.439060958412545,0.5334695913711853,0.9939614199249935,0.9010765552520752,0.6306346654891968,0.3921360373497009
5,grid_05_lr1e-03_k25_e7,large,0.001,25,7,artifacts_dlinear_notebook/models/dlinear_large_grid_05_lr1e-03_k25_e7_best.pt,artifacts_dlinear_notebook/logs/dlinear_large_grid_05_lr1e-03_k25_e7_metrics.json,0.6411579151948293,7.39045845468839,9.450725363813158,0.5283453850661837,0.9942399093980914,0.9000343680381775,0.6314054727554321,0.3920019865036011
8,grid_08_lr2e-03_k25_e3,large,0.002,25,3,artifacts_dlinear_notebook/models/dlinear_large_grid_08_lr2e-03_k25_e3_best.pt,artifacts_dlinear_notebook/logs/dlinear_large_grid_08_lr2e-03_k25_e3_metrics.json,0.6397837375601133,7.05892859896024,9.473838403358931,0.5269166129868117,0.9942816828190562,0.8981950879096985,0.6300910711288452,0.391033411026001
6,grid_06_lr1e-03_k35_e3,large,0.001,35,3,artifacts_dlinear_notebook/models/dlinear_large_grid_06_lr1e-03_k35_e3_best.pt,artifacts_dlinear_notebook/logs/dlinear_large_grid_06_lr1e-03_k35_e3_metrics.json,0.6393757859865824,7.247140556573868,9.482955343051652,0.5315177434119077,0.9941610040473804,0.8979768753051758,0.6301599740982056,0.38995856046676636
7,grid_07_lr2e-03_k15_e7,large,0.002,15,7,artifacts_dlinear_notebook/models/dlinear_large_grid_07_lr2e-03_k15_e7_best.pt,artifacts_dlinear_notebook/logs/dlinear_large_grid_07_lr2e-03_k15_e7_metrics.json,0.6385381147265434,7.21009440223376,9.505240176594475,0.5326607610754053,0.9941285136088522,0.8958430290222168,0.6294389963150024,0.3903006315231323
9,grid_09_lr2e-03_k35_e5,large,0.002,35,5,artifacts_dlinear_notebook/models/dlinear_large_grid_09_lr2e-03_k35_e5_best.pt,artifacts_dlinear_notebook/logs/dlinear_large_grid_09_lr2e-03_k35_e5_metrics.json,0.6384037633736929,7.3163129190603895,9.513361395884436,0.5206542323134968,0.9938500241357543,0.8945647478103638,0.6270912885665894,0.3935241103172302
2,grid_02_lr3e-04_k25_e5,large,0.0003,25,5,artifacts_dlinear_notebook/models/dlinear_large_grid_02_lr3e-04_k25_e5_best.pt,artifacts_dlinear_notebook/logs/dlinear_large_grid_02_lr3e-04_k25_e5_metrics.json,0.6376746545235316,7.056186189254125,9.485397647044124,0.5341379661066203,0.9942445508893097,0.8997694849967957,0.6279650926589966,0.3852572441101074
